"exp","spp","Treatment","Months.in","trait","mean_control","mean_trt","sd_control","sd_trt","se_control","se_trt","n_control","n_trt"
"bloomfield_2014","Auranticarpa ilicifolium","P",9,"Amax",10.982,13.46,2.24212399300306,3.05008196611173,1.00270833246762,1.36403812263441,5,5
"bloomfield_2014","Auranticarpa ilicifolium","P",13,"Amax",13.26,15.88,1.30499042142079,7.37136351023337,0.583609458456595,3.29657397914866,5,5
"bloomfield_2014","Auranticarpa ilicifolium","P",22,"Amax",13.186,13.94,2.11659632429049,2.23450218169506,0.946570652407944,0.99929975482835,5,5
"bloomfield_2014","Cryptocarya triplinervis","P",9,"Amax",10.222,11.626,1.70350227472698,1.526230650983,0.76182937722301,0.68255109698835,5,5
"bloomfield_2014","Cryptocarya triplinervis","P",13,"Amax",12.058,16.92,5.29739747423204,4.42684989580627,2.36906817124371,1.97974745864214,5,5
"bloomfield_2014","Cryptocarya triplinervis","P",22,"Amax",10.602,11.256,1.45671548354509,1.84548909506396,0.651462969016659,0.825327813659518,5,5
"bloomfield_2014","Flindersia bourjotiana","P",9,"Amax",11.852,13.216,2.54332852773683,2.46602514180209,1.1374110954268,1.1028399702586,5,5
"bloomfield_2014","Flindersia bourjotiana","P",13,"Amax",15.748,19.84,6.14430793499154,4.85108235345474,2.74781804346649,2.16946998135489,5,5
"bloomfield_2014","Flindersia bourjotiana","P",22,"Amax",12.254,10.786,2.78904643202654,1.5709805854943,1.24729948288292,0.702563876099533,5,5
"bloomfield_2014","Guioa lasioneura","P",9,"Amax",11.838,15.44,2.01450241995387,2.8492104169401,0.900912870370937,1.27420563489572,5,5
"bloomfield_2014","Guioa lasioneura","P",13,"Amax",15.522,16.82,4.8182382672508,5.15528854672559,2.15478165947272,2.3055151268209,5,5
"bloomfield_2014","Guioa lasioneura","P",22,"Amax",14.3,17.14,3.1288975694324,2.50659131092406,1.39928553197694,1.1209817126073,5,5
"bloomfield_2014","Hymenosporum flavum","P",9,"Amax",9.415,13.788,2.87338940393861,3.64331168032602,1.4366947019693,1.62933851608559,4,5
"bloomfield_2014","Hymenosporum flavum","P",13,"Amax",22.148,21.16,7.0158762816914,8.37126035910961,3.13759525751809,3.74374144406368,5,5
"bloomfield_2014","Hymenosporum flavum","P",22,"Amax",11.9,13.64,1.58587515271537,2.40997925302273,0.709224929059886,1.0777754868246,5,5
"bloomfield_2014","Neolitsea dealbata","P",9,"Amax",9.698,11.98,1.81535671425756,1.20706255016051,0.811852203298113,0.539814783050631,5,5
"bloomfield_2014","Neolitsea dealbata","P",13,"Amax",14.52,18.94,5.05638210581439,5.6416309698526,2.2612828217629,2.5230140705117,5,5
"bloomfield_2014","Neolitsea dealbata","P",22,"Amax",7.41,12.82,2.7138042179445,2.49739864659209,1.35690210897225,1.11687062813918,4,5
"bloomfield_2014","Syzygium wilsonii","P",9,"Amax",7.3925,11.016,1.74658476271074,3.67437477674774,0.87329238135537,1.64323035512371,4,5
"bloomfield_2014","Syzygium wilsonii","P",13,"Amax",10.028,12.16,2.27595474471704,1.50930447557807,1.0178379045801,0.674981481227448,5,5
"bloomfield_2014","Syzygium wilsonii","P",22,"Amax",10.424,11.144,1.08444916893324,2.53319561029148,0.484980411975577,1.13287951698316,5,5
"bloomfield_2014","Auranticarpa ilicifolium","P",9,"Asat",6.028,8.806,1.47080590153834,0.864858369908045,0.657764395509517,0.386776421204809,5,5
"bloomfield_2014","Auranticarpa ilicifolium","P",13,"Asat",8.984,8.244,0.737753346315691,2.7105589829406,0.329933326597966,1.21219882857558,5,5
"bloomfield_2014","Auranticarpa ilicifolium","P",22,"Asat",7.858,7.668,2.69832725961845,2.11354441637738,1.20672863560951,0.945205797696988,5,5
"bloomfield_2014","Cryptocarya triplinervis","P",9,"Asat",5.604,7.524,0.993996981886766,0.582992281252505,0.444528964185687,0.260722074247656,5,5
"bloomfield_2014","Cryptocarya triplinervis","P",13,"Asat",6.262,8.482,1.09037608190936,1.64847505288979,0.48763100803784,0.737220455494827,5,5
"bloomfield_2014","Cryptocarya triplinervis","P",22,"Asat",6.668,7.146,1.46012670683061,1.69594516420785,0.65298851444723,0.75844973465616,5,5
"bloomfield_2014","Flindersia bourjotiana","P",9,"Asat",6.04,7.624,1.09537664755097,1.76247836866158,0.489867328977959,0.788204288240048,5,5
"bloomfield_2014","Flindersia bourjotiana","P",13,"Asat",8.034,10.418,0.907099774005043,1.5063930430004,0.405667351409994,0.673679448996331,5,5
"bloomfield_2014","Flindersia bourjotiana","P",22,"Asat",5.448,6.088,0.97540760710587,1.1550194803552,0.436215543051827,0.516540414682143,5,5
"bloomfield_2014","Guioa lasioneura","P",9,"Asat",4.954,6.542,1.50332298592152,1.46094832215243,0.672306477731696,0.653355951989419,5,5
"bloomfield_2014","Guioa lasioneura","P",13,"Asat",7.128,8.504,2.66033268596242,2.71022692776823,1.18973694571531,1.21205032898803,5,5
"bloomfield_2014","Guioa lasioneura","P",22,"Asat",6.948,7.978,1.95547181007551,0.67098435153139,0.874513579082681,0.300073324372561,5,5
"bloomfield_2014","Hymenosporum flavum","P",9,"Asat",5.23,8.436,2.16562539081286,1.40275799766032,1.08281269540643,0.627332447749995,4,5
"bloomfield_2014","Hymenosporum flavum","P",13,"Asat",11.528,11.686,2.6632536492043,3.08504132873451,1.19104324018904,1.37967242488933,5,5
"bloomfield_2014","Hymenosporum flavum","P",22,"Asat",8.206,8.1,1.93590547289892,1.83911663577925,0.865763247083173,0.822477963230627,5,5
"bloomfield_2014","Neolitsea dealbata","P",9,"Asat",5.318,7.482,1.59485736039309,1.31630923418473,0.713241894450964,0.588671385409551,5,5
"bloomfield_2014","Neolitsea dealbata","P",13,"Asat",7.172,10.198,1.22207610237661,2.02942602723036,0.546529047718417,0.907586910438885,5,5
"bloomfield_2014","Neolitsea dealbata","P",22,"Asat",3.81,7.006,2.28249863088677,1.7459467345827,1.14124931544339,0.780811116724141,4,5
"bloomfield_2014","Syzygium wilsonii","P",9,"Asat",2.34,3.626,0.668779983751508,1.2544241706855,0.334389991875754,0.560995543654315,4,5
"bloomfield_2014","Syzygium wilsonii","P",13,"Asat",3.26,5.052,0.362698221666443,0.919059301677536,0.162203575792891,0.411015814780891,5,5
"bloomfield_2014","Syzygium wilsonii","P",22,"Asat",3.71,3.834,0.656848536574453,1.42789355345558,0.293751595740347,0.638573410032081,5,5
"bloomfield_2014","Auranticarpa ilicifolium","P",9,"Vcmax",28.043961506,46.506844766,6.28076496093176,6.42605847149595,2.80884348066844,2.87382071393067,5,5
"bloomfield_2014","Auranticarpa ilicifolium","P",13,"Vcmax",47.310150962,53.84655647,7.2062429654101,14.524285775858,3.22272982660733,6.49545806389035,5,5
"bloomfield_2014","Auranticarpa ilicifolium","P",22,"Vcmax",45.682962588,50.323465854,12.9701380535296,12.2391057419881,5.80042207304978,5.47349448457867,5,5
"bloomfield_2014","Cryptocarya triplinervis","P",9,"Vcmax",28.087277648,35.241765414,5.83307066886549,9.09055754682298,2.60862850662868,4.06542092561398,5,5
"bloomfield_2014","Cryptocarya triplinervis","P",13,"Vcmax",33.687514754,46.112282378,10.301098549822,5.68687619472202,4.60679132006531,2.54324835020475,5,5
"bloomfield_2014","Cryptocarya triplinervis","P",22,"Vcmax",36.238919422,38.41268511,5.84787527292644,9.02776274133955,2.61524932684073,4.03733823487502,5,5
"bloomfield_2014","Flindersia bourjotiana","P",9,"Vcmax",33.986928564,43.222744066,9.06947633537041,12.8493714906247,4.05599312124278,5.74641362423691,5,5
"bloomfield_2014","Flindersia bourjotiana","P",13,"Vcmax",47.460391284,74.714967018,5.29888148134822,19.1747343212914,2.36973183940188,8.57520187858117,5,5
"bloomfield_2014","Flindersia bourjotiana","P",22,"Vcmax",44.33893664,32.913724262,12.4929268300763,5.27781011115279,5.58700672599633,2.36030843617467,5,5
"bloomfield_2014","Guioa lasioneura","P",9,"Vcmax",27.689498186,48.274120544,5.88255917358983,5.54580156545037,2.63076043876237,2.48015785801436,5,5
"bloomfield_2014","Guioa lasioneura","P",13,"Vcmax",39.221733992,57.024669744,13.9794965431434,25.5788469050265,6.2518209123384,11.4392080931399,5,5
"bloomfield_2014","Guioa lasioneura","P",22,"Vcmax",30.426972921,46.756628184,24.1969052892959,9.9404545874608,10.821185014398,4.4455064369624,5,5
"bloomfield_2014","Hymenosporum flavum","P",9,"Vcmax",23.919529515,38.608112356,12.4589541497563,6.83555870611268,6.22947707487816,3.05695478621169,4,5
"bloomfield_2014","Hymenosporum flavum","P",13,"Vcmax",56.276174442,59.17617329,12.5361806821568,17.7151779697546,5.60635043670447,7.92246843477562,5,5
"bloomfield_2014","Hymenosporum flavum","P",22,"Vcmax",42.50116304,39.868045302,8.57484287111493,10.4668907242627,3.83478631123849,4.68093583450266,5,5
"bloomfield_2014","Neolitsea dealbata","P",9,"Vcmax",25.925275394,38.966404098,9.08933608009678,7.59996314828851,4.06487466908757,3.39880684521329,5,5
"bloomfield_2014","Neolitsea dealbata","P",13,"Vcmax",39.198199882,69.097513482,5.93923624864238,18.2122007242523,2.65610719727904,8.14474376785979,5,5
"bloomfield_2014","Neolitsea dealbata","P",22,"Vcmax",20.53439601,40.196667906,11.2154942619143,8.45738469202067,5.60774713095713,3.78225741664487,4,5
"bloomfield_2014","Syzygium wilsonii","P",9,"Vcmax",17.217378455,23.72201838,4.99104515294859,5.77202581690949,2.4955225764743,2.58132841889868,4,5
"bloomfield_2014","Syzygium wilsonii","P",13,"Vcmax",27.455564478,38.629170044,7.84485805660404,11.456858647192,3.5083271776807,5.1236629487455,5,5
"bloomfield_2014","Syzygium wilsonii","P",22,"Vcmax",33.660822532,24.869627156,7.5575932450615,5.52949700010588,3.37985844845015,2.47286623472358,5,5
"bloomfield_2014","Auranticarpa ilicifolium","P",9,"Vcmax25",23.9721854225163,39.2323661060757,5.17048185473807,4.56382633572529,2.3123097807247,2.04100518483711,5,5
"bloomfield_2014","Auranticarpa ilicifolium","P",13,"Vcmax25",37.6778201416544,42.2493139649289,4.06940432188087,14.3741935764232,1.81989293833141,6.42833479172461,5,5
"bloomfield_2014","Auranticarpa ilicifolium","P",22,"Vcmax25",31.4387606928482,35.7680822463579,9.82846844956588,8.86445522282317,4.39542471358825,3.96430489234713,5,5
"bloomfield_2014","Cryptocarya triplinervis","P",9,"Vcmax25",23.4643316266844,30.3681612053687,5.34677033234222,5.46913620162351,2.39114838463927,2.44587206500703,5,5
"bloomfield_2014","Cryptocarya triplinervis","P",13,"Vcmax25",26.3822823472689,35.4622473195292,7.38684084151788,3.31386699965213,3.30349565212114,1.48200637592309,5,5
"bloomfield_2014","Cryptocarya triplinervis","P",22,"Vcmax25",26.1654868293853,27.3137127561987,4.57887582414519,5.59631796248937,2.0477355206638,2.50274947756587,5,5
"bloomfield_2014","Flindersia bourjotiana","P",9,"Vcmax25",28.351769255797,36.9827704940467,5.89603489018819,12.922642472085,2.63678696243426,5.7791814033016,5,5
"bloomfield_2014","Flindersia bourjotiana","P",13,"Vcmax25",36.9472687754585,58.8943860565526,3.41318958499975,15.3691512011747,1.52642478643075,6.87329336845984,5,5
"bloomfield_2014","Flindersia bourjotiana","P",22,"Vcmax25",30.3389466365615,23.5391515174296,8.37196223132417,4.16409442256753,3.74405533086033,1.86223963871775,5,5
"bloomfield_2014","Guioa lasioneura","P",9,"Vcmax25",22.6222963459908,39.8016894312795,4.87496569136597,3.5236700611532,2.18015093477472,1.57583315740388,5,5
"bloomfield_2014","Guioa lasioneura","P",13,"Vcmax25",31.137335777111,45.1058151504299,11.3798432512014,18.7079783994509,5.08922061659572,8.36646228455401,5,5
"bloomfield_2014","Guioa lasioneura","P",22,"Vcmax25",21.2719843953634,32.7986665107342,16.9182136634735,6.77199904067462,7.56605516187848,3.02853003970236,5,5
"bloomfield_2014","Hymenosporum flavum","P",9,"Vcmax25",20.0285896996281,33.6892289665771,10.338370079525,5.02034690360537,5.16918503976252,2.24516738941844,4,5
"bloomfield_2014","Hymenosporum flavum","P",13,"Vcmax25",45.0231126352617,47.6501787484314,10.471768185825,14.5482191525304,4.68311710162485,6.50616139532449,5,5
"bloomfield_2014","Hymenosporum flavum","P",22,"Vcmax25",31.0796278601417,29.227338014676,6.80097844582827,7.40863072187962,3.04149002367658,3.31324038286323,5,5
"bloomfield_2014","Neolitsea dealbata","P",9,"Vcmax25",21.6805837011315,33.5317192976469,7.58132407246121,7.72465801765775,3.39047119709576,3.4545720860843,5,5
"bloomfield_2014","Neolitsea dealbata","P",13,"Vcmax25",30.5218602228975,53.0888130378698,4.54994545098352,13.091857493757,2.03479746446302,5.85485666155614,5,5
"bloomfield_2014","Neolitsea dealbata","P",22,"Vcmax25",14.1189294456012,27.6402842307534,7.40536187234373,5.83953915946812,3.70268093617187,2.61152130356854,4,5
"bloomfield_2014","Syzygium wilsonii","P",9,"Vcmax25",14.2367410903408,21.0354887081486,3.74746417941428,4.85182057483003,1.87373208970714,2.16980012399041,4,5
"bloomfield_2014","Syzygium wilsonii","P",13,"Vcmax25",21.8489693011172,29.2919255267792,6.33562640749382,7.40495049910143,2.83337826543979,3.31159453720236,5,5
"bloomfield_2014","Syzygium wilsonii","P",22,"Vcmax25",24.0544047689037,17.2024409147977,5.39530918169979,3.99164032236168,2.4128556179819,1.78511582050598,5,5
"bloomfield_2014","Auranticarpa ilicifolium","P",9,"Jmax",44.398007228,57.079759164,8.24770476244982,11.7895913419605,3.68848570143731,5.27246553351334,5,5
"bloomfield_2014","Auranticarpa ilicifolium","P",13,"Jmax",56.206294138,67.026859558,7.75557500509463,29.1417296212872,3.46839858319797,13.0325776830235,5,5
"bloomfield_2014","Auranticarpa ilicifolium","P",22,"Jmax",56.088780452,64.018299754,9.91651778859361,10.3203858304508,4.43480157507624,4.61541685418274,5,5
"bloomfield_2014","Cryptocarya triplinervis","P",9,"Jmax",41.07272681,51.052346038,4.81531287723603,8.11697116053434,2.15347338528597,3.63001985727203,5,5
"bloomfield_2014","Cryptocarya triplinervis","P",13,"Jmax",46.883309186,69.123263656,19.6924363582057,15.5808619571374,8.80672526790729,6.96797329683991,5,5
"bloomfield_2014","Cryptocarya triplinervis","P",22,"Jmax",45.540714838,48.992355466,3.68642956983255,7.63225091929589,1.64862142248218,3.41324637537617,5,5
"bloomfield_2014","Flindersia bourjotiana","P",9,"Jmax",47.289179642,60.504301014,8.42118728128914,12.4299014522732,3.76606944244383,5.55882092018124,5,5
"bloomfield_2014","Flindersia bourjotiana","P",13,"Jmax",66.615462456,84.744838398,20.6258649799135,24.4622806749352,9.22416723796379,10.9398644947669,5,5
"bloomfield_2014","Flindersia bourjotiana","P",22,"Jmax",56.298382522,48.90438733,14.0929052192517,6.0555416193111,6.30253881414168,2.70812054027175,5,5
"bloomfield_2014","Guioa lasioneura","P",9,"Jmax",48.515317072,74.767434194,9.89697417318736,12.030125666075,4.42606140456134,5.38003575344171,5,5
"bloomfield_2014","Guioa lasioneura","P",13,"Jmax",66.666253486,76.752443164,20.295363067487,18.3307105643657,9.0763622893879,8.19774297955904,5,5
"bloomfield_2014","Guioa lasioneura","P",22,"Jmax",60.638909696,75.348653148,17.8810364139567,12.7082922800948,7.99664258595126,5.68332108324558,5,5
"bloomfield_2014","Hymenosporum flavum","P",9,"Jmax",39.525971945,57.852255712,14.109699508566,15.0565850778046,7.054849754283,6.73350954859601,4,5
"bloomfield_2014","Hymenosporum flavum","P",13,"Jmax",90.97370066,85.989216166,25.7159987149386,36.6200074610578,11.50054424718,16.376965203895,5,5
"bloomfield_2014","Hymenosporum flavum","P",22,"Jmax",52.590372532,59.565890466,5.73102657306365,11.2743407186732,2.5629929996456,5.04203844968944,5,5
"bloomfield_2014","Neolitsea dealbata","P",9,"Jmax",38.590498782,51.483339126,6.14995716669864,7.50755468505968,2.75034445669003,3.35748052411809,5,5
"bloomfield_2014","Neolitsea dealbata","P",13,"Jmax",60.498970982,81.2388499,16.3578448623364,24.3968697616696,7.31545061551596,10.9106118450605,5,5
"bloomfield_2014","Neolitsea dealbata","P",22,"Jmax",31.1707266675,53.588621398,10.6163819394339,10.2441879310291,5.30819096971693,4.5813401176128,4,5
"bloomfield_2014","Syzygium wilsonii","P",9,"Jmax",32.3898685525,42.214509858,5.61464203052332,8.59920206917202,2.80732101526166,3.8456800757851,4,5
"bloomfield_2014","Syzygium wilsonii","P",13,"Jmax",50.847340822,61.128962374,11.891880054517,9.64980810258748,5.31821043643479,4.31552537744277,5,5
"bloomfield_2014","Syzygium wilsonii","P",22,"Jmax",51.922963134,48.079680428,5.26297417615394,10.0002381807913,2.35367360434123,4.47224247268763,5,5
"bloomfield_2014","Auranticarpa ilicifolium","P",9,"Jmax25",39.8702858389773,50.8619331610646,6.59451298924789,9.57210250154227,2.94915586449272,4.28077437620886,5,5
"bloomfield_2014","Auranticarpa ilicifolium","P",13,"Jmax25",48.2414447332997,57.1795437834518,4.77369090982513,27.6939843624275,2.13485947558836,12.3851263204408,5,5
"bloomfield_2014","Auranticarpa ilicifolium","P",22,"Jmax25",43.7190688019218,51.0794925254159,8.26609925201013,8.81173446460845,3.69671196725096,3.94072745250844,5,5
"bloomfield_2014","Cryptocarya triplinervis","P",9,"Jmax25",36.3934180959448,46.4972292596326,4.83550512968897,6.04597965791264,2.16250363510669,2.70384430113472,5,5
"bloomfield_2014","Cryptocarya triplinervis","P",13,"Jmax25",39.6758666821089,58.1588747081339,15.7093041863006,13.1955484310683,7.02541440795805,5.90122865845189,5,5
"bloomfield_2014","Cryptocarya triplinervis","P",22,"Jmax25",36.6659135550308,39.1256577028519,3.1854272906112,5.21934990271924,1.42456639183793,2.33416423616743,5,5
"bloomfield_2014","Flindersia bourjotiana","P",9,"Jmax25",42.0285340832128,54.329822817375,5.88409532762736,13.1246401926893,2.63144742773274,5.86951753021583,5,5
"bloomfield_2014","Flindersia bourjotiana","P",13,"Jmax25",56.1565020326394,72.2136258571742,16.2763447644422,20.778966065041,7.27900266370309,9.2926361247186,5,5
"bloomfield_2014","Flindersia bourjotiana","P",22,"Jmax25",43.8188615981084,39.1400812952462,10.8308876874918,5.08647319914714,4.84372022517944,2.27473996780477,5,5
"bloomfield_2014","Guioa lasioneura","P",9,"Jmax25",42.4021648682969,65.6297993986979,8.88001182250625,9.1327093466813,3.97126201522515,4.08427178358541,5,5
"bloomfield_2014","Guioa lasioneura","P",13,"Jmax25",57.1681338818196,65.8108384851605,17.9737876116016,13.9745722027648,8.03812218253693,6.24961868037222,5,5
"bloomfield_2014","Guioa lasioneura","P",22,"Jmax25",48.2203108198095,59.708283919985,13.7078550670704,10.6071671450922,6.13033915113688,4.7436693570257,5,5
"bloomfield_2014","Hymenosporum flavum","P",9,"Jmax25",35.1415372040265,52.7245524810267,12.6005168004627,12.9555750408976,6.30025840023136,5.79390929580932,4,5
"bloomfield_2014","Hymenosporum flavum","P",13,"Jmax25",78.2991580951687,74.6333549865631,22.221090979433,32.5790805318607,9.93757399284391,14.5698077427361,5,5
"bloomfield_2014","Hymenosporum flavum","P",22,"Jmax25",42.6920684345821,48.4780317802871,5.22198403221676,8.78205030333621,2.33534225469102,3.92745229201648,5,5
"bloomfield_2014","Neolitsea dealbata","P",9,"Jmax25",34.2122639645986,46.4546572031595,5.32343288542612,7.37801846126328,2.38071156109413,3.29955016372662,5,5
"bloomfield_2014","Neolitsea dealbata","P",13,"Jmax25",51.413919512805,68.0905470806342,14.6248268955894,19.5343016868334,6.54042141954104,8.73600529294967,5,5
"bloomfield_2014","Neolitsea dealbata","P",22,"Jmax25",24.3844827393935,41.7933848982844,8.05195059146729,7.70926707385366,4.02597529573364,3.44768904676753,4,5
"bloomfield_2014","Syzygium wilsonii","P",9,"Jmax25",28.5459695745568,39.0273417377882,4.35411197892408,8.00747719716074,2.17705598946204,3.58105266822618,4,5
"bloomfield_2014","Syzygium wilsonii","P",13,"Jmax25",43.5084531201586,50.9550381132407,9.47790079611613,6.52455959833943,4.23864609282301,2.91787175702714,5,5
"bloomfield_2014","Syzygium wilsonii","P",22,"Jmax25",41.5726357497249,37.6908442969509,4.56492842157492,8.14025464819896,2.04149805261247,3.6404325495063,5,5
"bloomfield_2014","Auranticarpa ilicifolium","P",9,"Jmax25Vcmax25",1.68855663930329,1.29269955842861,0.185368500612609,0.138065352242095,0.0828993136514009,0.0617447025901554,5,5
"bloomfield_2014","Auranticarpa ilicifolium","P",13,"Jmax25Vcmax25",1.28364350134512,1.3193899167991,0.08376853017943,0.197747111076665,0.0374624255712896,0.0884351965443247,5,5
"bloomfield_2014","Auranticarpa ilicifolium","P",22,"Jmax25Vcmax25",1.4473394956571,1.45375320537672,0.278823743036586,0.141913791538173,0.124693768634148,0.0634657769648177,5,5
"bloomfield_2014","Cryptocarya triplinervis","P",9,"Jmax25Vcmax25",1.58372350176668,1.54871504728842,0.207084568334294,0.157585733521683,0.0926110343773364,0.0704744824877299,5,5
"bloomfield_2014","Cryptocarya triplinervis","P",13,"Jmax25Vcmax25",1.49333881838521,1.63513344079379,0.369138922678101,0.305597093774986,0.165083944849854,0.136667175081449,5,5
"bloomfield_2014","Cryptocarya triplinervis","P",22,"Jmax25Vcmax25",1.42121857492101,1.45912148604543,0.152736213153991,0.197366606804155,0.0683057110476443,0.0882650298605124,5,5
"bloomfield_2014","Flindersia bourjotiana","P",9,"Jmax25Vcmax25",1.50473467885395,1.53461853876059,0.178252518469911,0.278861236973774,0.0797169496918514,0.124710536432607,5,5
"bloomfield_2014","Flindersia bourjotiana","P",13,"Jmax25Vcmax25",1.50319139762478,1.22374596744213,0.321414872284099,0.0929510143926243,0.143741100681332,0.0415689573518938,5,5
"bloomfield_2014","Flindersia bourjotiana","P",22,"Jmax25Vcmax25",1.45718773531791,1.67296885535966,0.098703099535225,0.089547695502572,0.0441413680301382,0.0400469468744406,5,5
"bloomfield_2014","Guioa lasioneura","P",9,"Jmax25Vcmax25",1.89079116748895,1.64408339596274,0.214918120626316,0.104013815675332,0.0961143054633883,0.0465163924898351,5,5
"bloomfield_2014","Guioa lasioneura","P",13,"Jmax25Vcmax25",1.88174548969296,1.54691323423212,0.230753054812965,0.271822968451351,0.103195903315505,0.1215629270606,5,5
"bloomfield_2014","Guioa lasioneura","P",22,"Jmax25Vcmax25",4.95266032649385,1.83992926301258,5.29327622817012,0.232501420496411,2.36722509397442,0.103977796219047,5,5
"bloomfield_2014","Hymenosporum flavum","P",9,"Jmax25Vcmax25",1.89684591445807,1.54436801276081,0.380648583879356,0.180114332589299,0.190324291939678,0.0805495782783356,4,5
"bloomfield_2014","Hymenosporum flavum","P",13,"Jmax25Vcmax25",1.71487994127786,1.56018432543762,0.182602242682832,0.39382379952446,0.0816622054965452,0.176123357378789,5,5
"bloomfield_2014","Hymenosporum flavum","P",22,"Jmax25Vcmax25",1.40027903615506,1.70206289471844,0.168011067512422,0.273510955492749,0.0751368335860165,0.122317817814541,5,5
"bloomfield_2014","Neolitsea dealbata","P",9,"Jmax25Vcmax25",1.67540508136968,1.40684914644942,0.435561124594536,0.140068715663905,0.194788856589928,0.0626406339491161,5,5
"bloomfield_2014","Neolitsea dealbata","P",13,"Jmax25Vcmax25",1.67332923786248,1.27377140976161,0.305549201759322,0.0750878180531956,0.136645757120929,0.0335802930898163,5,5
"bloomfield_2014","Neolitsea dealbata","P",22,"Jmax25Vcmax25",1.83940536921104,1.53465369199773,0.310725547283861,0.245037447906119,0.155362773641931,0.109584078110229,4,5
"bloomfield_2014","Syzygium wilsonii","P",9,"Jmax25Vcmax25",2.0615676350985,1.86839606939964,0.313513267183062,0.171434771190193,0.156756633591531,0.0766679604176787,4,5
"bloomfield_2014","Syzygium wilsonii","P",13,"Jmax25Vcmax25",2.03038044600041,1.78273092705421,0.279496538231653,0.234623214111123,0.124994651792369,0.104926691170392,5,5
"bloomfield_2014","Syzygium wilsonii","P",22,"Jmax25Vcmax25",1.76546426729689,2.20090714641394,0.225210635970244,0.0859010055947044,0.100717258257085,0.0384160975690697,5,5
"bloomfield_2014","Auranticarpa ilicifolium","P",9,"TPU",3.4502374788,3.9714721352,0.606077458479897,0.856968895104844,0.271046079358271,0.383248140811464,5,5
"bloomfield_2014","Auranticarpa ilicifolium","P",13,"TPU",4.2290753472,5.284737129,0.904412687195633,2.66109322794415,0.404465649656538,1.19007707042949,5,5
"bloomfield_2014","Auranticarpa ilicifolium","P",22,"TPU",4.255813667,4.7889133542,0.707315245360312,0.774342178757,0.31632099402952,0.346296349909189,5,5
"bloomfield_2014","Cryptocarya triplinervis","P",9,"TPU",3.2080619242,3.9728465334,0.318349321417264,0.546724697254843,0.142370144655986,0.244502717607964,5,5
"bloomfield_2014","Cryptocarya triplinervis","P",13,"TPU",4.0405877436,5.5647524464,1.78163274227791,1.6985159334577,0.796770384534552,0.759599417615586,5,5
"bloomfield_2014","Cryptocarya triplinervis","P",22,"TPU",3.6035341018,3.6010876312,0.312165752644931,0.567392998635467,0.13960476863229,0.25374586298127,5,5
"bloomfield_2014","Flindersia bourjotiana","P",9,"TPU",2.5098379956,4.4531223786,2.23936523661266,0.711680976551049,1.00147457910316,0.318273408372316,5,5
"bloomfield_2014","Flindersia bourjotiana","P",13,"TPU",5.3717117802,6.4069891602,2.08045023770666,2.21454622871913,0.930405631063539,0.990375181346355,5,5
"bloomfield_2014","Flindersia bourjotiana","P",22,"TPU",4.2739214578,3.8259836382,0.979328495368848,0.544143136001512,0.437969017589466,0.243348208317859,5,5
"bloomfield_2014","Guioa lasioneura","P",9,"TPU",3.6643906848,5.231686816,0.868199985610572,1.06521273366737,0.388270837177916,0.476377616595726,5,5
"bloomfield_2014","Guioa lasioneura","P",13,"TPU",4.9054594196,5.531569007,1.49142067346541,1.35156076620621,0.666983601783435,0.604436349791756,5,5
"bloomfield_2014","Guioa lasioneura","P",22,"TPU",4.7500770996,5.57981169,1.2741521365211,1.021129375027,0.569818158187556,0.45666293927645,5,5
"bloomfield_2014","Hymenosporum flavum","P",9,"TPU",3.0587234005,4.2488535094,0.81999278330183,1.39316117685971,0.409996391650915,0.623040619014384,4,5
"bloomfield_2014","Hymenosporum flavum","P",13,"TPU",7.6118351352,6.9460504084,2.30199409727835,3.21519614713527,1.02948305706353,1.43787942919797,5,5
"bloomfield_2014","Hymenosporum flavum","P",22,"TPU",3.7192929968,4.2961008566,0.635413324280157,0.877414390044232,0.284165477379909,0.392391644115084,5,5
"bloomfield_2014","Neolitsea dealbata","P",9,"TPU",2.956983395,3.9686987242,0.415472491272816,0.526693795240089,0.185804946653441,0.235544625896839,5,5
"bloomfield_2014","Neolitsea dealbata","P",13,"TPU",4.8233161474,5.9114390496,1.68193206858629,2.26541596739475,0.752182887779159,1.01312482008162,5,5
"bloomfield_2014","Neolitsea dealbata","P",22,"TPU",2.32260432875,4.0445464208,0.442416777467907,0.9906975594556,0.221208388733953,0.443053417617172,4,5
"bloomfield_2014","Syzygium wilsonii","P",9,"TPU",2.5183789695,3.3006806222,0.324667148245644,1.14479344999269,0.162333574122822,0.511967194876034,4,5
"bloomfield_2014","Syzygium wilsonii","P",13,"TPU",3.6412442498,4.444312602,0.869039389523902,0.53035093389051,0.388646230020073,0.237180148021935,5,5
"bloomfield_2014","Syzygium wilsonii","P",22,"TPU",3.8756678756,3.9126212912,0.399377513580274,0.711294247405178,0.178607053810068,0.318100457840506,5,5
"bloomfield_2014","Auranticarpa ilicifolium","P",9,"Rd",NA,NA,NA,NA,NA,NA,0,0
"bloomfield_2014","Auranticarpa ilicifolium","P",13,"Rd",NA,NA,NA,NA,NA,NA,0,0
"bloomfield_2014","Auranticarpa ilicifolium","P",22,"Rd",2.226,0.5556,3.93850403072029,0.216410027494107,1.7613525484695,0.0967815064978842,5,5
"bloomfield_2014","Cryptocarya triplinervis","P",9,"Rd",NA,NA,NA,NA,NA,NA,0,0
"bloomfield_2014","Cryptocarya triplinervis","P",13,"Rd",NA,NA,NA,NA,NA,NA,0,0
"bloomfield_2014","Cryptocarya triplinervis","P",22,"Rd",0.5896,0.5644,0.071521325491073,0.228112472258752,0.0319853091277855,0.102014998897221,5,5
"bloomfield_2014","Flindersia bourjotiana","P",9,"Rd",NA,NA,NA,NA,NA,NA,0,0
"bloomfield_2014","Flindersia bourjotiana","P",13,"Rd",NA,NA,NA,NA,NA,NA,0,0
"bloomfield_2014","Flindersia bourjotiana","P",22,"Rd",0.5188,0.7792,0.305934143240012,0.408721421019256,0.136817908184565,0.182785776251874,5,5
"bloomfield_2014","Guioa lasioneura","P",9,"Rd",NA,NA,NA,NA,NA,NA,0,0
"bloomfield_2014","Guioa lasioneura","P",13,"Rd",NA,NA,NA,NA,NA,NA,0,0
"bloomfield_2014","Guioa lasioneura","P",22,"Rd",-2.3542,0.5902,4.2735804894725,5.54777263412984,1.91120329635547,2.48103934672548,5,5
"bloomfield_2014","Hymenosporum flavum","P",9,"Rd",NA,NA,NA,NA,NA,NA,0,0
"bloomfield_2014","Hymenosporum flavum","P",13,"Rd",NA,NA,NA,NA,NA,NA,0,0
"bloomfield_2014","Hymenosporum flavum","P",22,"Rd",0.7574,0.7098,0.186851010165854,0.430510975469848,0.0835623120790707,0.192530361242065,5,5
"bloomfield_2014","Neolitsea dealbata","P",9,"Rd",NA,NA,NA,NA,NA,NA,0,0
"bloomfield_2014","Neolitsea dealbata","P",13,"Rd",NA,NA,NA,NA,NA,NA,0,0
"bloomfield_2014","Neolitsea dealbata","P",22,"Rd",1.19005,0.252,1.77271656222872,0.217424699608853,0.886358281114358,0.0972352816625735,4,5
"bloomfield_2014","Syzygium wilsonii","P",9,"Rd",NA,NA,NA,NA,NA,NA,0,0
"bloomfield_2014","Syzygium wilsonii","P",13,"Rd",NA,NA,NA,NA,NA,NA,0,0
"bloomfield_2014","Syzygium wilsonii","P",22,"Rd",0.6206,0.732,0.190053413544719,0.344509070998138,0.0849944704083742,0.154069140323428,5,5
"bloomfield_2014","Auranticarpa ilicifolium","P",9,"Rd25",NA,NA,NA,NA,NA,NA,0,0
"bloomfield_2014","Auranticarpa ilicifolium","P",13,"Rd25",NA,NA,NA,NA,NA,NA,0,0
"bloomfield_2014","Auranticarpa ilicifolium","P",22,"Rd25",2.38895764139357,0.592850196299454,4.22157783626762,0.227746200704491,1.88794700284018,0.10185119727851,5,5
"bloomfield_2014","Cryptocarya triplinervis","P",9,"Rd25",NA,NA,NA,NA,NA,NA,0,0
"bloomfield_2014","Cryptocarya triplinervis","P",13,"Rd25",NA,NA,NA,NA,NA,NA,0,0
"bloomfield_2014","Cryptocarya triplinervis","P",22,"Rd25",0.627771749268145,0.602581782754732,0.0756086743421013,0.246239630837194,0.0338132271035165,0.110121710661284,5,5
"bloomfield_2014","Flindersia bourjotiana","P",9,"Rd25",NA,NA,NA,NA,NA,NA,0,0
"bloomfield_2014","Flindersia bourjotiana","P",13,"Rd25",NA,NA,NA,NA,NA,NA,0,0
"bloomfield_2014","Flindersia bourjotiana","P",22,"Rd25",0.55840780784601,0.829104266849109,0.328028821895652,0.427451296874957,0.14669894886757,0.191162031376569,5,5
"bloomfield_2014","Guioa lasioneura","P",9,"Rd25",NA,NA,NA,NA,NA,NA,0,0
"bloomfield_2014","Guioa lasioneura","P",13,"Rd25",NA,NA,NA,NA,NA,NA,0,0
"bloomfield_2014","Guioa lasioneura","P",22,"Rd25",-2.4846993634122,0.660696039389009,4.52294406164192,5.9339544757174,2.02272207605206,2.65374511661865,5,5
"bloomfield_2014","Hymenosporum flavum","P",9,"Rd25",NA,NA,NA,NA,NA,NA,0,0
"bloomfield_2014","Hymenosporum flavum","P",13,"Rd25",NA,NA,NA,NA,NA,NA,0,0
"bloomfield_2014","Hymenosporum flavum","P",22,"Rd25",0.804651097891965,0.752173861652424,0.198689302064765,0.454921749605869,0.0888565571637606,0.203447191312372,5,5
"bloomfield_2014","Neolitsea dealbata","P",9,"Rd25",NA,NA,NA,NA,NA,NA,0,0
"bloomfield_2014","Neolitsea dealbata","P",13,"Rd25",NA,NA,NA,NA,NA,NA,0,0
"bloomfield_2014","Neolitsea dealbata","P",22,"Rd25",1.28081985256415,0.271750628001744,1.91314206090898,0.234432460780287,0.956571030454488,0.104841383687455,4,5
"bloomfield_2014","Syzygium wilsonii","P",9,"Rd25",NA,NA,NA,NA,NA,NA,0,0
"bloomfield_2014","Syzygium wilsonii","P",13,"Rd25",NA,NA,NA,NA,NA,NA,0,0
"bloomfield_2014","Syzygium wilsonii","P",22,"Rd25",0.662733822969931,0.78809082617226,0.205114219080737,0.371108405746147,0.0917298674032626,0.165964724453991,5,5
"bloomfield_2014","Auranticarpa ilicifolium","P",9,"cica",0.763488511,0.6337965762,0.0322496710861175,0.0989044627732543,0.0144224913601137,0.0442314204078188,5,5
"bloomfield_2014","Auranticarpa ilicifolium","P",13,"cica",0.720717684,0.5763786402,0.0703456139881934,0.0425836141785579,0.0314595149593121,0.0190439712061759,5,5
"bloomfield_2014","Auranticarpa ilicifolium","P",22,"cica",0.6950206978,0.6342760084,0.0426981676182979,0.0927996808034611,0.0190952010618389,0.0415012789133642,5,5
"bloomfield_2014","Cryptocarya triplinervis","P",9,"cica",0.7025761582,0.703070333,0.0468119610344181,0.0686194808828687,0.0209349454066061,0.0306875647669684,5,5
"bloomfield_2014","Cryptocarya triplinervis","P",13,"cica",0.7291845096,0.665801627,0.0848652578148005,0.044003830727989,0.0379528970803878,0.0196791113556355,5,5
"bloomfield_2014","Cryptocarya triplinervis","P",22,"cica",0.7457461252,0.7498315198,0.0368758250267511,0.0355732781073334,0.0164913702972407,0.0159088536061005,5,5
"bloomfield_2014","Flindersia bourjotiana","P",9,"cica",0.6706345716,0.6256238744,0.115805875450367,0.0399053238565767,0.051789961940179,0.0178462033614899,5,5
"bloomfield_2014","Flindersia bourjotiana","P",13,"cica",0.6610589074,0.557012333,0.028178673265729,0.086813149688542,0.0126018857875852,0.0388240208088889,5,5
"bloomfield_2014","Flindersia bourjotiana","P",22,"cica",0.5927016098,0.7733794624,0.111416148784912,0.0533707419555099,0.0498268164948585,0.023868121404424,5,5
"bloomfield_2014","Guioa lasioneura","P",9,"cica",0.5878188334,0.4831466724,0.0577639098638331,0.070290990103138,0.0258328058203403,0.0314350864152763,5,5
"bloomfield_2014","Guioa lasioneura","P",13,"cica",0.6636315968,0.5322744608,0.0536514041455251,0.0650005964540563,0.0239936373515416,0.0290691504498604,5,5
"bloomfield_2014","Guioa lasioneura","P",22,"cica",0.5755968418,0.6887255798,0.113156273692678,0.043534679982538,0.0506050240114797,0.0194693007639308,5,5
"bloomfield_2014","Hymenosporum flavum","P",9,"cica",0.82351602825,0.7641766192,0.0493119004322896,0.0686613801154709,0.0246559502161448,0.0307063026734291,4,5
"bloomfield_2014","Hymenosporum flavum","P",13,"cica",0.7293981578,0.7143085916,0.0362908771957056,0.0456524689415414,0.0162297736745389,0.0204164047787969,5,5
"bloomfield_2014","Hymenosporum flavum","P",22,"cica",0.7980247354,0.8232713234,0.0212223489158406,0.0417919375702369,0.0094909229636077,0.0186899226636954,5,5
"bloomfield_2014","Neolitsea dealbata","P",9,"cica",0.7679296524,0.6752815886,0.044082425660348,0.042971814140357,0.0197142600779238,0.019217579506865,5,5
"bloomfield_2014","Neolitsea dealbata","P",13,"cica",0.7080642702,0.5616152182,0.0425224898062373,0.101871654746335,0.0190166355558577,0.0455583889986387,5,5
"bloomfield_2014","Neolitsea dealbata","P",22,"cica",0.80043961825,0.694829107,0.0632039119312345,0.0532920255099068,0.0316019559656173,0.0238329183397609,4,5
"bloomfield_2014","Syzygium wilsonii","P",9,"cica",0.5399754475,0.5108880314,0.0843619490800374,0.0390235869651429,0.0421809745400187,0.0174518786359869,4,5
"bloomfield_2014","Syzygium wilsonii","P",13,"cica",0.5188727992,0.5534304392,0.150513038358183,0.0697321319234626,0.0673114770537863,0.0311851574393691,5,5
"bloomfield_2014","Syzygium wilsonii","P",22,"cica",0.590300954,0.6770720096,0.0754460162765061,0.0840965315016757,0.0337404842051647,0.0376091122219399,5,5
"bloomfield_2014","Auranticarpa ilicifolium","P",9,"lma",129.70846298,116.790102212,10.7237088728396,19.4513718171462,4.79578840211742,8.69891792775252,5,5
"bloomfield_2014","Auranticarpa ilicifolium","P",13,"lma",92.801685982,80.256221236,12.5954888625442,11.3653380007571,5.63287386129808,5.08273367139088,5,5
"bloomfield_2014","Auranticarpa ilicifolium","P",22,"lma",109.033216316,97.893599784,8.78279641019589,12.1905373449616,3.92778596114783,5.45177403711677,5,5
"bloomfield_2014","Cryptocarya triplinervis","P",9,"lma",57.545566974,54.877529658,8.73377533217525,13.569962702638,3.90586306859093,6.06867181104706,5,5
"bloomfield_2014","Cryptocarya triplinervis","P",13,"lma",55.620988926,51.434208282,5.39533880422078,4.34478799757379,2.41286886557602,1.94304826208004,5,5
"bloomfield_2014","Cryptocarya triplinervis","P",22,"lma",65.037357096,54.460347464,11.8921843473339,11.034842622847,5.31834652031953,4.93493164513959,5,5
"bloomfield_2014","Flindersia bourjotiana","P",9,"lma",82.813936692,92.760317144,21.1030966874128,23.3124213463379,9.43759174576114,10.4256317701057,5,5
"bloomfield_2014","Flindersia bourjotiana","P",13,"lma",93.862836004,80.208655148,11.9640783435953,14.9869378102864,5.35049849288242,6.70236234367243,5,5
"bloomfield_2014","Flindersia bourjotiana","P",22,"lma",107.007831498,77.75227293,7.53137118857216,17.743982870939,3.36813158828615,7.93535037820228,5,5
"bloomfield_2014","Guioa lasioneura","P",9,"lma",86.697900894,92.174465494,9.28362579001581,11.2920814587774,4.15176366882911,5.04997234985823,5,5
"bloomfield_2014","Guioa lasioneura","P",13,"lma",90.87930993,70.999978138,41.0117860721518,24.8929944882498,18.3410283072021,11.1324855678508,5,5
"bloomfield_2014","Guioa lasioneura","P",22,"lma",86.303897742,64.69979296,7.80179783863678,3.20735278142136,3.48907006278055,1.43437176941624,5,5
"bloomfield_2014","Hymenosporum flavum","P",9,"lma",68.715008006,82.186062554,9.18488405006918,6.28487425714678,4.10760502028165,2.81068121380374,5,5
"bloomfield_2014","Hymenosporum flavum","P",13,"lma",49.047423418,46.921969658,6.93296645526533,7.11982639553733,3.10051685593981,3.18408316168376,5,5
"bloomfield_2014","Hymenosporum flavum","P",22,"lma",52.88504816,55.698082636,4.62228731403451,17.661735028091,2.06714972914322,7.89856802468014,5,5
"bloomfield_2014","Neolitsea dealbata","P",9,"lma",87.715632654,87.84190902,7.68913476122427,13.8844378043195,3.43868560285081,6.20930935196524,5,5
"bloomfield_2014","Neolitsea dealbata","P",13,"lma",87.732136118,82.155192332,6.93020803289942,10.1687643319249,3.09928325195564,4.54760965867184,5,5
"bloomfield_2014","Neolitsea dealbata","P",22,"lma",76.514537762,73.307678458,7.1275876855727,15.3066302322024,3.18755411610619,6.8453331411316,5,5
"bloomfield_2014","Syzygium wilsonii","P",9,"lma",86.35911161,80.870725734,21.8842028475867,20.3589652603676,9.78691304011965,9.10480605474772,5,5
"bloomfield_2014","Syzygium wilsonii","P",13,"lma",72.069930742,65.394695216,23.3751769000641,10.7641723410992,10.4536969069252,4.81388421524419,5,5
"bloomfield_2014","Syzygium wilsonii","P",22,"lma",90.692231532,67.1752633,18.6273017428904,12.7340698704462,8.33038258690064,5.69484917210993,5,5
"bloomfield_2014","Auranticarpa ilicifolium","P",9,"nmass",15.630163456,14.573705744,1.72379165984982,2.12957625431628,0.770903066094277,0.952375453584117,5,5
"bloomfield_2014","Auranticarpa ilicifolium","P",13,"nmass",15.78366517,16.183103262,2.63087965652945,2.46134058107688,1.17656515052423,1.10074497101335,5,5
"bloomfield_2014","Auranticarpa ilicifolium","P",22,"nmass",16.639236492,14.405889382,2.80284001804228,1.21625991378703,1.25346816207985,0.543927969107168,5,5
"bloomfield_2014","Cryptocarya triplinervis","P",9,"nmass",29.150274314,24.75369851,1.6663854246921,4.41657886192201,0.745230217265279,1.97515411264926,5,5
"bloomfield_2014","Cryptocarya triplinervis","P",13,"nmass",29.461921544,27.942435122,1.81560342521285,3.69213624415157,0.811962535791479,1.65117352482273,5,5
"bloomfield_2014","Cryptocarya triplinervis","P",22,"nmass",30.5150376725,22.727580646,4.64906062334096,2.81693762407345,2.32453031167048,1.259772803161,4,5
"bloomfield_2014","Flindersia bourjotiana","P",9,"nmass",18.60546425,15.745242654,6.62367442508409,2.05258596182034,3.31183721254205,0.917944348058413,4,5
"bloomfield_2014","Flindersia bourjotiana","P",13,"nmass",14.009604842,16.477821756,1.96342998096319,1.7938437925391,0.878072581298961,0.802231332226691,5,5
"bloomfield_2014","Flindersia bourjotiana","P",22,"nmass",14.377218546,12.3564658456,3.59050253774156,4.96300223182363,1.60572154955513,2.21952207256816,5,5
"bloomfield_2014","Guioa lasioneura","P",9,"nmass",13.08972633,17.555321256,0.858075896889319,1.91490468516083,0.383743207059724,0.856371409290488,5,5
"bloomfield_2014","Guioa lasioneura","P",13,"nmass",16.644832094,17.57917398,0.649244860850652,2.06990004322736,0.29035112858089,0.925687440657225,5,5
"bloomfield_2014","Guioa lasioneura","P",22,"nmass",15.443788462,16.468005574,1.12518730765863,1.02967139225676,0.503199061468932,0.460483045514594,5,5
"bloomfield_2014","Hymenosporum flavum","P",9,"nmass",24.840229508,19.275165874,6.89560945127063,3.55590924700236,3.08381029586623,1.59025095962347,5,5
"bloomfield_2014","Hymenosporum flavum","P",13,"nmass",28.282676356,30.260093876,2.30373940558633,1.92937462938307,1.0302635826672,0.862842565072802,5,5
"bloomfield_2014","Hymenosporum flavum","P",22,"nmass",32.399742198,26.505629514,2.45136700793108,7.22336684103281,1.09628465350683,3.23038785659345,5,5
"bloomfield_2014","Neolitsea dealbata","P",9,"nmass",16.97430656,16.389829832,2.74152366393276,6.74875007266156,1.22604665489559,3.01813278512558,5,5
"bloomfield_2014","Neolitsea dealbata","P",13,"nmass",21.608949404,21.762576216,3.2600685181638,4.4458551528962,1.45794696358425,1.98824686799873,5,5
"bloomfield_2014","Neolitsea dealbata","P",22,"nmass",15.999939734,16.172350956,2.71732436217217,5.61617197184737,1.21522439814665,2.51162846047595,5,5
"bloomfield_2014","Syzygium wilsonii","P",9,"nmass",8.042222817,12.316209932,0.751920881090544,2.29197601265441,0.336269240763998,1.02500283341884,5,5
"bloomfield_2014","Syzygium wilsonii","P",13,"nmass",11.663614523,14.696697938,2.0035158528053,2.82615631747337,0.895999528174222,1.26389552818219,5,5
"bloomfield_2014","Syzygium wilsonii","P",22,"nmass",12.759534354,13.65807344,1.6109147295809,2.04259409462604,0.720422968259717,0.913475849204692,5,5
"bloomfield_2014","Auranticarpa ilicifolium","P",9,"narea",2.0407698848,1.68271249,0.387326624789529,0.269097431264367,0.173217732504988,0.12034402977554,5,5
"bloomfield_2014","Auranticarpa ilicifolium","P",13,"narea",1.440590302,1.2901401466,0.118506034432142,0.210939808626942,0.0529975097468398,0.0943351502501279,5,5
"bloomfield_2014","Auranticarpa ilicifolium","P",22,"narea",1.8063954954,1.4102777496,0.272830557126106,0.200893558138095,0.122013534414623,0.0898423304477173,5,5
"bloomfield_2014","Cryptocarya triplinervis","P",9,"narea",1.6883555408,1.3200504484,0.329492263226573,0.19846971270946,0.147353419726974,0.0887583538186412,5,5
"bloomfield_2014","Cryptocarya triplinervis","P",13,"narea",1.6424834634,1.4351383092,0.230012576294747,0.205231062852343,0.102864751254982,0.0917821215264743,5,5
"bloomfield_2014","Cryptocarya triplinervis","P",22,"narea",1.97611320375,1.2226021518,0.426762078933062,0.190821743214582,0.213381039466531,0.0853380778825631,4,5
"bloomfield_2014","Flindersia bourjotiana","P",9,"narea",1.57891310675,1.4587384192,0.619565877177012,0.374673594018312,0.309782938588506,0.167559125119821,4,5
"bloomfield_2014","Flindersia bourjotiana","P",13,"narea",1.298952906,1.3131738898,0.114080805498348,0.221658012664195,0.0510184872044476,0.0991284768149298,5,5
"bloomfield_2014","Flindersia bourjotiana","P",22,"narea",1.5245806432,0.8964222804,0.31323893214504,0.118902257773352,0.140084709095151,0.0531747062118834,5,5
"bloomfield_2014","Guioa lasioneura","P",9,"narea",1.137388295,1.6298049934,0.168317782439846,0.335450457668279,0.0752740006715034,0.150018005285938,5,5
"bloomfield_2014","Guioa lasioneura","P",13,"narea",1.5197337132,1.2363398718,0.707362950910948,0.431543201938767,0.316342328600345,0.1929919869526,5,5
"bloomfield_2014","Guioa lasioneura","P",22,"narea",1.3319975698,1.066336882,0.149968144808645,0.097811034297688,0.0670677932503326,0.0437424243278388,5,5
"bloomfield_2014","Hymenosporum flavum","P",9,"narea",1.7152523242,1.5714145168,0.572773117754953,0.212999676522377,0.256151925396914,0.0952563511779,5,5
"bloomfield_2014","Hymenosporum flavum","P",13,"narea",1.3855553348,1.4122417144,0.217028207933406,0.162102456758578,0.0970579651948109,0.0724944225263803,5,5
"bloomfield_2014","Hymenosporum flavum","P",22,"narea",1.7048330646,1.3850563666,0.0537984018018919,0.133379872019195,0.0240593767019755,0.0596492921330286,5,5
"bloomfield_2014","Neolitsea dealbata","P",9,"narea",1.4854525834,1.3702213936,0.249277084071027,0.312211969130993,0.111480101043149,0.139625437273193,5,5
"bloomfield_2014","Neolitsea dealbata","P",13,"narea",1.8947583414,1.7877596986,0.320745595809393,0.435700926907964,0.143441791142695,0.194851378085175,5,5
"bloomfield_2014","Neolitsea dealbata","P",22,"narea",1.2365067488,1.1253679216,0.304827279313007,0.189264890862663,0.13632290358804,0.0846418323445985,5,5
"bloomfield_2014","Syzygium wilsonii","P",9,"narea",0.6911398838,0.9609470678,0.166527656209903,0.12150895089828,0.0744734318838114,0.0543404548166478,5,5
"bloomfield_2014","Syzygium wilsonii","P",13,"narea",0.813741867,0.9652781286,0.19383720907113,0.277612139304662,0.0866866352103771,0.124151922972873,5,5
"bloomfield_2014","Syzygium wilsonii","P",22,"narea",1.1407908618,0.9056483888,0.185940123931609,0.140864340988263,0.0831549513711627,0.0629964484110931,5,5
"bloomfield_2014","Auranticarpa ilicifolium","P",9,"pmass",1.7873925322,2.3141963866,0.320511937434023,0.46986005040822,0.143337295940527,0.210127802524852,5,5
"bloomfield_2014","Auranticarpa ilicifolium","P",13,"pmass",0.7091779132,1.115757137,0.181495963315364,0.112660825685461,0.0811674623229923,0.0503834529267888,5,5
"bloomfield_2014","Auranticarpa ilicifolium","P",22,"pmass",0.4022393358,0.6320123584,0.104268514398977,0.070455225971042,0.0466302972218059,0.0315085349282717,5,5
"bloomfield_2014","Cryptocarya triplinervis","P",9,"pmass",2.54560567075,4.208430043,0.24957851246519,0.589918177803592,0.124789256232595,0.263819429346328,4,5
"bloomfield_2014","Cryptocarya triplinervis","P",13,"pmass",0.8470213844,1.820926571,0.331289754586531,0.189127209568765,0.148157282300941,0.0845802593981215,5,5
"bloomfield_2014","Cryptocarya triplinervis","P",22,"pmass",0.70331721725,1.6571220674,0.229648619550322,0.151941440344133,0.114824309775161,0.067950277841742,4,5
"bloomfield_2014","Flindersia bourjotiana","P",9,"pmass",1.85495640675,2.258976618,0.374594624776103,0.443200686362714,0.187297312388052,0.198205372476319,4,5
"bloomfield_2014","Flindersia bourjotiana","P",13,"pmass",0.3982271234,0.8201929034,0.0944796554367266,0.124511550653622,0.0422525864094556,0.0556832582490817,5,5
"bloomfield_2014","Flindersia bourjotiana","P",22,"pmass",0.232613586,0.7952435992,0.0396935117308416,0.338531585485991,0.0177514780991694,0.151395927535491,5,5
"bloomfield_2014","Guioa lasioneura","P",9,"pmass",2.0224582484,2.746824403,0.275848431939429,0.238207303760407,0.123363169060658,0.106529544789042,5,5
"bloomfield_2014","Guioa lasioneura","P",13,"pmass",0.6892483084,1.386100023,0.178386188907251,0.444064220982971,0.0797767289287463,0.198591556898682,5,5
"bloomfield_2014","Guioa lasioneura","P",22,"pmass",0.3688123506,1.6221451852,0.0897356356342575,0.618905085560341,0.0401309962564704,0.276782768586649,5,5
"bloomfield_2014","Hymenosporum flavum","P",9,"pmass",2.2515768624,3.1072326816,0.476109489682888,0.346337693879825,0.212922636732735,0.15488692533716,5,5
"bloomfield_2014","Hymenosporum flavum","P",13,"pmass",0.8314530072,2.4958270702,0.0762092159525584,0.335294892556831,0.0340817974763764,0.149948434453112,5,5
"bloomfield_2014","Hymenosporum flavum","P",22,"pmass",0.6168601674,2.3881563968,0.105101910982524,0.411056295651049,0.047003003504411,0.183829963930999,5,5
"bloomfield_2014","Neolitsea dealbata","P",9,"pmass",2.0737023862,2.0819831556,0.381340622227422,0.173225062053942,0.170540710776517,0.0774686028318468,5,5
"bloomfield_2014","Neolitsea dealbata","P",13,"pmass",0.646275821,1.6205024542,0.171298301438927,0.23769746003057,0.0766069292895383,0.106301535741479,5,5
"bloomfield_2014","Neolitsea dealbata","P",22,"pmass",0.3425570462,0.8994690006,0.0640369586994902,0.319073602582204,0.0286381985448813,0.142694053039912,5,5
"bloomfield_2014","Syzygium wilsonii","P",9,"pmass",2.2363983208,3.128491484,0.205204541788119,0.442921301644695,0.0917702609459863,0.198080427832046,5,5
"bloomfield_2014","Syzygium wilsonii","P",13,"pmass",0.686377386,1.4938865782,0.323352834056101,0.177124483369428,0.14460778353333,0.0792124770587143,5,5
"bloomfield_2014","Syzygium wilsonii","P",22,"pmass",0.311036777,2.2466694108,0.0471301782146336,0.941394975421611,0.0210772564559201,0.421004631743893,5,5
"bloomfield_2014","Auranticarpa ilicifolium","P",9,"parea",230.16473174,264.92169878,32.2857978617479,37.8361207132875,14.4386477453371,16.9208275839597,5,5
"bloomfield_2014","Auranticarpa ilicifolium","P",13,"parea",64.811115468,89.35706748,15.2685429494728,13.9642931448653,6.82829999047927,6.24502174593065,5,5
"bloomfield_2014","Auranticarpa ilicifolium","P",22,"parea",44.161573292,62.294895716,13.5633339218745,13.8452329897256,6.06570733016806,6.19177642586982,5,5
"bloomfield_2014","Cryptocarya triplinervis","P",9,"parea",155.98478265,225.20594916,15.9540584243444,28.2965813705843,7.97702921217219,12.6546158950961,4,5
"bloomfield_2014","Cryptocarya triplinervis","P",13,"parea",45.928640548,93.120810934,13.6784446230083,5.83534797062881,6.11718640070262,2.60964694693829,5,5
"bloomfield_2014","Cryptocarya triplinervis","P",22,"parea",43.9940042875,88.933448822,7.33469450473804,9.6807309614737,3.66734725236902,4.32935450034842,4,5
"bloomfield_2014","Flindersia bourjotiana","P",9,"parea",158.056511825,204.72355956,31.6540588030781,41.8143257230711,15.8270294015391,18.699934950021,4,5
"bloomfield_2014","Flindersia bourjotiana","P",13,"parea",36.654365898,64.746956292,6.35753321227686,9.86596932148472,2.84317528637273,4.41219561335346,5,5
"bloomfield_2014","Flindersia bourjotiana","P",22,"parea",25.013701984,57.726709778,5.23030899146083,12.6110227583163,2.33906528964696,5.63982083067842,5,5
"bloomfield_2014","Guioa lasioneura","P",9,"parea",174.39644498,254.5462516,22.9068695862475,49.0026968838938,10.2442635093144,21.9146722626407,5,5
"bloomfield_2014","Guioa lasioneura","P",13,"parea",60.345395746,91.546360546,25.3688933456177,18.7024026016277,11.3453140069486,8.36396871196171,5,5
"bloomfield_2014","Guioa lasioneura","P",22,"parea",31.478991116,104.3789478,5.72447548224013,37.4180671023135,2.56006326276396,16.7338683254843,5,5
"bloomfield_2014","Hymenosporum flavum","P",9,"parea",158.0590903,253.99436406,52.387625226556,16.957372899904,23.4284582372724,7.58356770479964,5,5
"bloomfield_2014","Hymenosporum flavum","P",13,"parea",41.16817755,115.93370706,9.54162488774202,15.0077698852495,4.26714437295899,6.7116787308184,5,5
"bloomfield_2014","Hymenosporum flavum","P",22,"parea",32.751239942,128.828183438,6.95389184773597,24.9041925239426,3.10987497594385,11.1374934816555,5,5
"bloomfield_2014","Neolitsea dealbata","P",9,"parea",181.23494142,182.15014578,31.4369840526255,27.5467090835299,14.0590466698495,12.3192628134368,5,5
"bloomfield_2014","Neolitsea dealbata","P",13,"parea",56.087959132,133.11160924,11.4280445705182,27.3009529050626,5.11077690191522,12.2093573092481,5,5
"bloomfield_2014","Neolitsea dealbata","P",22,"parea",26.378374706,62.888366128,6.54381956631183,11.7018050186967,2.92648507655329,5.23320629625081,5,5
"bloomfield_2014","Syzygium wilsonii","P",9,"parea",192.26465476,247.46755166,44.7434198703589,47.4714352276643,20.0098656751875,21.2298712317071,5,5
"bloomfield_2014","Syzygium wilsonii","P",13,"parea",43.778065112,97.733314088,10.7516052022929,21.1869320460042,4.80826401991344,9.4750840579068,5,5
"bloomfield_2014","Syzygium wilsonii","P",22,"parea",27.734610716,156.974836416,4.57808724407303,93.5379604678958,2.04738285693439,41.8314476165806,5,5
"bloomfield_2014","Auranticarpa ilicifolium","P",9,"leafnp",9.0554439828,6.3492782066,2.26291254636724,0.356297711825668,1.01200525616286,0.159341180773965,5,5
"bloomfield_2014","Auranticarpa ilicifolium","P",13,"leafnp",22.99829408,14.501106488,4.286963814677,1.8206206016103,1.91718850133992,0.814206285287439,5,5
"bloomfield_2014","Auranticarpa ilicifolium","P",22,"leafnp",42.94845291,23.086490922,9.23431774809573,3.75113675894832,4.12971244211497,1.67755935718134,5,5
"bloomfield_2014","Cryptocarya triplinervis","P",9,"leafnp",11.80365415,5.8880397488,1.00702807664605,0.831504956546391,0.503514038323024,0.371860321293148,4,5
"bloomfield_2014","Cryptocarya triplinervis","P",13,"leafnp",38.472533674,15.52654321,12.6777450534241,2.80906056136416,5.66965994817361,1.2562500736248,5,5
"bloomfield_2014","Cryptocarya triplinervis","P",22,"leafnp",45.4654115425,13.72343635,9.45505649556798,1.20406608599427,4.72752824778399,0.538474723537058,4,5
"bloomfield_2014","Flindersia bourjotiana","P",9,"leafnp",9.9383100105,7.2091839756,3.19182598999746,1.77497593836068,1.59591299499873,0.793793371320189,4,5
"bloomfield_2014","Flindersia bourjotiana","P",13,"leafnp",36.013465844,20.349385682,4.60511817489999,2.79013571123396,2.05947145669923,1.24778662335377,5,5
"bloomfield_2014","Flindersia bourjotiana","P",22,"leafnp",64.550103778,16.0386244,27.0437392591321,3.39489079999858,12.0943278698398,1.5182413209971,5,5
"bloomfield_2014","Guioa lasioneura","P",9,"leafnp",6.5482832718,6.4224834756,0.768477668418235,0.839049670575512,0.343673661154743,0.37523441998113,5,5
"bloomfield_2014","Guioa lasioneura","P",13,"leafnp",25.139651686,13.7857874218,4.79435332815113,4.7364291756528,2.14409998997966,2.11819552147459,5,5
"bloomfield_2014","Guioa lasioneura","P",22,"leafnp",43.438394108,11.0701546732,8.84667905314826,3.02760619783015,3.9563551475926,1.35398665348958,5,5
"bloomfield_2014","Hymenosporum flavum","P",9,"leafnp",11.393739503,6.1651965744,3.36074995925723,0.479720026651097,1.50297307285576,0.214537317951973,5,5
"bloomfield_2014","Hymenosporum flavum","P",13,"leafnp",34.252146234,12.287593546,4.31164511130091,1.67248070173731,1.9282263127447,0.747956108028233,5,5
"bloomfield_2014","Hymenosporum flavum","P",22,"leafnp",54.049007196,11.1745463718,12.0974274480463,2.94809441728312,5.41013402534066,1.31842790422654,5,5
"bloomfield_2014","Neolitsea dealbata","P",9,"leafnp",8.4868345642,7.8821297656,2.31445713892317,3.10685536450327,1.03505669872838,1.38942795825784,5,5
"bloomfield_2014","Neolitsea dealbata","P",13,"leafnp",34.718352412,13.503100006,7.78626973412682,2.5451601971489,3.48212568333136,1.13823024289034,5,5
"bloomfield_2014","Neolitsea dealbata","P",22,"leafnp",47.047418922,18.252775596,4.99522326405378,4.00880376832083,2.23393175624253,1.79279154688454,5,5
"bloomfield_2014","Syzygium wilsonii","P",9,"leafnp",3.6076130068,3.9574029848,0.317150272199843,0.601105877892524,0.141833913544282,0.268822720928475,5,5
"bloomfield_2014","Syzygium wilsonii","P",13,"leafnp",20.48168334,9.8124239856,10.3162007360217,1.28848788950087,4.61354522305555,0.576229301821838,5,5
"bloomfield_2014","Syzygium wilsonii","P",22,"leafnp",41.380698528,6.9095327916,5.56248659716715,2.80483691427834,2.48761963103945,1.25436120122542,5,5
"bloomfield_2014","Auranticarpa ilicifolium","P",9,"pnue",5.4937071764,7.996928893,1.25443235867263,1.33954017821089,0.560999205433478,0.599060579414347,5,5
"bloomfield_2014","Auranticarpa ilicifolium","P",13,"pnue",9.2011602022,12.087287506,0.364952938709504,3.91343810196231,0.163211915908553,1.7501427243451,5,5
"bloomfield_2014","Auranticarpa ilicifolium","P",22,"pnue",7.3263508876,9.872296935,0.871305189015466,0.522852090415831,0.389659526357377,0.233826563269533,5,5
"bloomfield_2014","Cryptocarya triplinervis","P",9,"pnue",6.1571464088,8.83256538,0.965046840654858,0.361317075519822,0.431582067435134,0.16158590845875,5,5
"bloomfield_2014","Cryptocarya triplinervis","P",13,"pnue",7.7596988622,12.2177805132,4.29502623534557,4.50920630332656,1.92079412547554,2.01657836376174,5,5
"bloomfield_2014","Cryptocarya triplinervis","P",22,"pnue",5.698202729,9.2009092328,1.63348811422213,0.301230387279927,0.816744057111064,0.134714324569301,4,5
"bloomfield_2014","Flindersia bourjotiana","P",9,"pnue",7.9498444275,9.255895483,2.35322230514304,1.15025655730542,1.17661115257152,0.514410370739962,4,5
"bloomfield_2014","Flindersia bourjotiana","P",13,"pnue",12.3921451612,15.380278162,5.50977312552908,3.91311354008022,2.4640454498569,1.74999757585885,5,5
"bloomfield_2014","Flindersia bourjotiana","P",22,"pnue",8.2374938184,12.1743681956,2.02369419635158,2.15991193711859,0.905023557742786,0.965941983362086,5,5
"bloomfield_2014","Guioa lasioneura","P",9,"pnue",10.3879411386,9.6972128496,0.735103912088356,2.09821065764549,0.328748463591119,0.938348332321973,5,5
"bloomfield_2014","Guioa lasioneura","P",13,"pnue",12.7540394846,14.6189493856,6.91526478116585,5.31554774904899,3.09260042661941,2.37718522090391,5,5
"bloomfield_2014","Guioa lasioneura","P",22,"pnue",10.8773533202,16.061174804,2.94326764789293,1.82833798074274,1.3162693073329,0.817657602157095,5,5
"bloomfield_2014","Hymenosporum flavum","P",9,"pnue",5.724283057,8.6685831774,3.0075003712429,1.5761193180664,1.50375018562145,0.704861987169416,4,5
"bloomfield_2014","Hymenosporum flavum","P",13,"pnue",15.9783092598,14.765646356,5.08904587106419,4.87094948926373,2.27589050166283,2.17835483459231,5,5
"bloomfield_2014","Hymenosporum flavum","P",22,"pnue",6.9741143118,9.8882932944,0.842326550801015,1.69883300682913,0.3766998853688,0.759741217138058,5,5
"bloomfield_2014","Neolitsea dealbata","P",9,"pnue",6.792407511,9.0498378244,2.33199519717346,1.80289645132632,1.04289995681658,0.806279804311757,5,5
"bloomfield_2014","Neolitsea dealbata","P",13,"pnue",7.9130539096,10.608604606,3.31171307235353,1.77614265073198,1.48104311035144,0.794315140954676,5,5
"bloomfield_2014","Neolitsea dealbata","P",22,"pnue",5.878978016,11.4573423658,1.48513084533662,1.60888480768567,0.742565422668308,0.719515159590367,4,5
"bloomfield_2014","Syzygium wilsonii","P",9,"pnue",10.79813675075,11.434496888,2.62032972921092,3.70105120992178,1.31016486460546,1.65516041871859,4,5
"bloomfield_2014","Syzygium wilsonii","P",13,"pnue",12.4805450544,13.5993559206,2.04153515213745,4.65732448583904,0.913002275726941,2.08281882872207,5,5
"bloomfield_2014","Syzygium wilsonii","P",22,"pnue",9.4517309746,12.300821815,2.49782425316966,2.01933018150538,1.117060965187,0.903071910972604,5,5
"bloomfield_2014","Auranticarpa ilicifolium","P",9,"ppue",48.767644622,50.893478394,13.3134591997642,10.0433997393931,5.95395995726856,4.49154490849734,5,5
"bloomfield_2014","Auranticarpa ilicifolium","P",13,"ppue",211.55272928,174.12798394,41.023158913008,55.4091827703209,18.3461143962524,24.7797398504295,5,5
"bloomfield_2014","Auranticarpa ilicifolium","P",22,"ppue",311.47784284,226.67750442,59.0344124216628,28.7488956617531,26.4009918373192,12.8568969955457,5,5
"bloomfield_2014","Cryptocarya triplinervis","P",9,"ppue",68.8158540875,51.887606668,7.43618402639598,6.37872710163735,3.71809201319799,2.85265348183626,4,5
"bloomfield_2014","Cryptocarya triplinervis","P",13,"ppue",278.57377418,181.62184746,144.389500892032,47.0416374168007,64.5729478463699,21.0376598073728,5,5
"bloomfield_2014","Cryptocarya triplinervis","P",22,"ppue",248.943043,126.43449062,46.0744046668671,13.9741810493975,23.0372023334335,6.24944375126841,4,5
"bloomfield_2014","Flindersia bourjotiana","P",9,"ppue",74.168708395,65.210666234,10.5924782160011,9.34140710037918,5.29623910800055,4.17760425638941,4,5
"bloomfield_2014","Flindersia bourjotiana","P",13,"ppue",450.25263906,309.1104705,225.348790409956,70.3484044928976,100.779042800803,31.4607629109541,5,5
"bloomfield_2014","Flindersia bourjotiana","P",22,"ppue",493.3662484,195.54876418,69.9767317220065,58.4534481688383,31.2945457947345,26.1411767249566,5,5
"bloomfield_2014","Guioa lasioneura","P",9,"ppue",67.946684318,61.77900585,8.43936712730541,13.5644839682269,3.77419971674641,6.06622164653231,5,5
"bloomfield_2014","Guioa lasioneura","P",13,"ppue",308.875229146,195.63236586,156.249942094425,96.0929298153802,69.8770984007082,42.9740646448613,5,5
"bloomfield_2014","Guioa lasioneura","P",22,"ppue",452.7877788,177.1420167,37.9415173198596,53.4225956125773,16.9679623793383,23.891311064841,5,5
"bloomfield_2014","Hymenosporum flavum","P",9,"ppue",56.9046922175,53.811688588,15.4629907245174,12.1987055722576,7.73149536225871,5.45542697941469,4,5
"bloomfield_2014","Hymenosporum flavum","P",13,"ppue",550.10650776,178.13889214,203.274952167349,49.118985697842,90.9073222338419,21.9666782012429,5,5
"bloomfield_2014","Hymenosporum flavum","P",22,"ppue",371.48055502,112.451368474,58.982663274815,42.7397475485184,26.3778489152933,19.1137961719334,5,5
"bloomfield_2014","Neolitsea dealbata","P",9,"ppue",53.663940444,67.090244518,5.69198692727303,12.0648698287033,2.54553393928453,5.39557381533337,5,5
"bloomfield_2014","Neolitsea dealbata","P",13,"ppue",261.28373158,142.09746306,82.488358159772,28.0066454428056,36.8899152395199,12.5249526063696,5,5
"bloomfield_2014","Neolitsea dealbata","P",22,"ppue",262.8816261,205.00366704,57.6247948006522,25.4052892437864,28.8123974003261,11.3615907474301,4,5
"bloomfield_2014","Syzygium wilsonii","P",9,"ppue",37.605495495,44.556684136,7.55484342336544,12.9648503714311,3.77742171168272,5.79805734972666,4,5
"bloomfield_2014","Syzygium wilsonii","P",13,"ppue",248.08213058,129.28536034,105.65926978167,31.7172384725702,47.2522619369606,14.1843802566477,5,5
"bloomfield_2014","Syzygium wilsonii","P",22,"ppue",384.9664842,84.848932126,79.7516126136398,38.1726997862793,35.6660054238657,17.0713503213625,5,5
